url,domain,email
"https://freshcontentsociety.com","freshcontentsociety.com","sales@freshcontentsociety.com"
"https://dreww.ca","dreww.ca",""
"https://lyfemarketing.com","lyfemarketing.com","info@lyfemarketing.com"
"https://contentbeta.com","contentbeta.com",""
"https://truenorthsocial.com","truenorthsocial.com",""
"https://cosmic.tech","cosmic.tech","hello@cosmic.tech"
"https://shortformmedia.co","shortformmedia.co","info@shortformmedia.co"
"https://letsroll.video","letsroll.video",""
"https://lucidcreative.io","lucidcreative.io",""
"https://burnwe.com","burnwe.com","rob.gevorgyan@burnwe.com"
"https://digitalsparkstudios.com","digitalsparkstudios.com","contact@digitalsparkstudios.com"
"https://thinkmojo.com","thinkmojo.com","hello@thinkmojo.com"
"https://matchagency.eu","matchagency.eu",""
"https://inbeat.agency","inbeat.agency","hello@inbeat.agency"
"https://feedbird.com","feedbird.com",""
"https://delesign.com","delesign.com","sales@delesign.com"
"https://brandbooster.ai","brandbooster.ai","support@brandbooster.ai"
"https://eon8.com","eon8.com","info@eon8.com"
"https://becreatives.co","becreatives.co",""
"https://thesocialshepherd.com","thesocialshepherd.com","hello@thesocialshepherd.com"
"https://reeljoy.io","reeljoy.io","kay@reeljoy.io"
"https://redpigeonmedia.com","redpigeonmedia.com",""
"https://peachycreativemedia.com","peachycreativemedia.com",""
"https://tiktal.co","tiktal.co",""
"https://kazcm.com","kazcm.com",""
"https://zupo.co","zupo.co","info@zupo.co"
"https://vidico.com","vidico.com","hello@vidico.com"
"https://venturemedia.io","venturemedia.io",""
"https://advids.co","advids.co",""
"https://increditors.com","increditors.com","hey@increditors.com"
"https://avenuez.com","avenuez.com",""
"https://ignitesocialmedia.com","ignitesocialmedia.com","info@ignitesocialmedia.com"
"https://shortformvideo.co","shortformvideo.co","hello@shortformvideo.co"
"https://almcorp.com","almcorp.com",""
"https://viralnation.com","viralnation.com",""
"https://1702digital.com","1702digital.com","solutions@1702digital.com"
"https://uberbrains.com","uberbrains.com","info@uberbrains.com"
"https://stellarvideos.net","stellarvideos.net",""
"https://singlegrain.com","singlegrain.com",""
"https://nogood.io","nogood.io",""
"https://socialmediaagency.one","socialmediaagency.one",""
"https://adjustproduction.com","adjustproduction.com","getquote@adjustproduction.com"
"https://incast.me","incast.me",""